<?xml version="1.0"?>
<doc>
    <assembly>
        <name>Hzdtf.Quartz.File</name>
    </assembly>
    <members>
        <member name="T:Hzdtf.Quartz.File.JobTaskJsonFile">
            <summary>
            作业任务JSON文件
            @ 黄振东
            </summary>
        </member>
        <member name="F:Hzdtf.Quartz.File.JobTaskJsonFile.list">
            <summary>
            列表
            </summary>
        </member>
        <member name="F:Hzdtf.Quartz.File.JobTaskJsonFile.jsonFile">
            <summary>
            JSON文件
            </summary>
        </member>
        <member name="M:Hzdtf.Quartz.File.JobTaskJsonFile.#ctor(System.String)">
            <summary>
            构造方法
            </summary>
            <param name="jsonFile">JSON文件</param>
        </member>
        <member name="M:Hzdtf.Quartz.File.JobTaskJsonFile.NewConnectionId(Hzdtf.Utility.Enums.AccessMode)">
            <summary>
            新建一个连接ID
            </summary>
            <param name="accessMode">访问模式</param>
            <returns>连接ID</returns>
        </member>
        <member name="M:Hzdtf.Quartz.File.JobTaskJsonFile.Release(System.String)">
            <summary>
            释放连接ID
            </summary>
            <param name="connectionId">连接ID</param>
        </member>
        <member name="M:Hzdtf.Quartz.File.JobTaskJsonFile.Query(Hzdtf.Quartz.Model.JobTaskFilterInfo,System.String)">
            <summary>
            查询
            </summary>
            <param name="filter">过滤器</param>
            <param name="connectionId">连接ID</param>
            <returns>作业任务信息列表</returns>
        </member>
        <member name="M:Hzdtf.Quartz.File.JobTaskJsonFile.QueryPage(System.Int32,System.Int32,Hzdtf.Quartz.Model.JobTaskFilterInfo,System.String)">
            <summary>
            查询分页
            </summary>
            <param name="pageIndex">页码，从0开始</param>
            <param name="pageSize">每页记录数</param>
            <param name="filter">过滤器</param>
            <param name="connectionId">连接ID</param>
            <returns>分页信息</returns>
        </member>
        <member name="M:Hzdtf.Quartz.File.JobTaskJsonFile.QueryForFilter(Hzdtf.Quartz.Model.JobTaskFilterInfo)">
            <summary>
            为过滤器获取查询表达式
            </summary>
            <param name="filter">过滤器</param>
            <returns>查询表达式</returns>
        </member>
        <member name="M:Hzdtf.Quartz.File.JobTaskJsonFile.Find(System.String,System.String,System.String)">
            <summary>
            查找
            </summary>
            <param name="name">名称</param>
            <param name="group">分组</param>
            <param name="connectionId">连接ID</param>
            <returns>作业任务</returns>
        </member>
        <member name="M:Hzdtf.Quartz.File.JobTaskJsonFile.Find(System.Int32,System.String)">
            <summary>
            查找
            </summary>
            <param name="id">ID</param>
            <param name="connectionId">连接ID</param>
            <returns>作业任务</returns>
        </member>
        <member name="M:Hzdtf.Quartz.File.JobTaskJsonFile.Exists(System.String,System.String,System.String)">
            <summary>
            是否存在
            </summary>
            <param name="name">名称</param>
            <param name="group">分组</param>
            <param name="connectionId">连接ID</param>
            <returns>作业任务</returns>
        </member>
        <member name="M:Hzdtf.Quartz.File.JobTaskJsonFile.Exists(System.Int32,System.String)">
            <summary>
            是否存在
            </summary>
            <param name="id">ID</param>
            <param name="connectionId">连接ID</param>
            <returns>作业任务</returns>
        </member>
        <member name="M:Hzdtf.Quartz.File.JobTaskJsonFile.Set(Hzdtf.Quartz.Model.JobTaskInfo,System.String)">
            <summary>
            设置，如果存在则更新，否则插入
            </summary>
            <param name="jobTask">作业任务</param>
            <param name="connectionId">连接ID</param>
            <returns>影响行数</returns>
        </member>
        <member name="M:Hzdtf.Quartz.File.JobTaskJsonFile.UpdateCron(System.String,System.String,System.String,System.String)">
            <summary>
            更新Cron表达式
            </summary>
            <param name="cron">cron表达式</param>
            <param name="name">名称</param>
            <param name="group">分组</param>
            <param name="connectionId">连接ID</param>
            <returns>影响行数</returns>
        </member>
        <member name="M:Hzdtf.Quartz.File.JobTaskJsonFile.Delete(System.Int32,System.String)">
            <summary>
            删除
            </summary>
            <param name="id">ID</param>
            <param name="connectionId">连接ID</param>
            <returns>影响行数</returns>
        </member>
        <member name="M:Hzdtf.Quartz.File.JobTaskJsonFile.Delete(System.String,System.String,System.String)">
            <summary>
            删除
            </summary>
            <param name="name">名称</param>
            <param name="group">分组</param>
            <param name="connectionId">连接ID</param>
            <returns>影响行数</returns>
        </member>
    </members>
</doc>
