<?xml version="1.0"?>
<doc>
    <assembly>
        <name>Hzdtf.Quartz.SqlServer</name>
    </assembly>
    <members>
        <member name="T:Hzdtf.Quartz.SqlServer.JobTaskPersistence">
            <summary>
            作业任务持久化
            @ 黄振东
            </summary>
            <summary>
            作业任务持久化
            @ 黄振东
            </summary>
        </member>
        <member name="P:Hzdtf.Quartz.SqlServer.JobTaskPersistence.Table">
            <summary>
            表名
            </summary>
        </member>
        <member name="F:Hzdtf.Quartz.SqlServer.JobTaskPersistence.INSERT_FIELD_NAMES">
            <summary>
            插入字段名称集合
            </summary>
        </member>
        <member name="F:Hzdtf.Quartz.SqlServer.JobTaskPersistence.UPDATE_FIELD_NAMES">
            <summary>
            更新字段名称集合
            </summary>
        </member>
        <member name="F:Hzdtf.Quartz.SqlServer.JobTaskPersistence.FIELD_MAP_PROPS">
            <summary>
            所有字段映射集合
            </summary>
        </member>
        <member name="M:Hzdtf.Quartz.SqlServer.JobTaskPersistence.GetValueByFieldName(Hzdtf.Quartz.Model.JobTaskInfo,System.String)">
            <summary>
            根据字段名获取模型的值
            </summary>
            <param name="model">模型</param>
            <param name="field">字段名</param>
            <returns>值</returns>
        </member>
        <member name="M:Hzdtf.Quartz.SqlServer.JobTaskPersistence.InsertFieldNames">
            <summary>
            插入字段名集合
            </summary>
            <returns>插入字段名集合</returns>
        </member>
        <member name="M:Hzdtf.Quartz.SqlServer.JobTaskPersistence.UpdateFieldNames">
            <summary>
            更新字段名称集合
            </summary>
            <returns>更新字段名称集合</returns>
        </member>
        <member name="M:Hzdtf.Quartz.SqlServer.JobTaskPersistence.AllFieldMapProps">
            <summary>
            所有字段映射集合
            </summary>
            <returns>所有字段映射集合</returns>
        </member>
        <member name="M:Hzdtf.Quartz.SqlServer.JobTaskPersistence.Query(Hzdtf.Quartz.Model.JobTaskFilterInfo,System.String)">
            <summary>
            查询
            </summary>
            <param name="filter">过滤器</param>
            <param name="connectionId">连接ID</param>
            <returns>作业任务信息列表</returns>
        </member>
        <member name="M:Hzdtf.Quartz.SqlServer.JobTaskPersistence.QueryPage(System.Int32,System.Int32,Hzdtf.Quartz.Model.JobTaskFilterInfo,System.String)">
            <summary>
            查询分页
            </summary>
            <param name="pageIndex">页码，从0开始</param>
            <param name="pageSize">每页记录数</param>
            <param name="filter">过滤器</param>
            <param name="connectionId">连接ID</param>
            <returns>分页信息</returns>
        </member>
        <member name="M:Hzdtf.Quartz.SqlServer.JobTaskPersistence.GetWhereSql(Hzdtf.Quartz.Model.JobTaskFilterInfo@)">
            <summary>
            获取条件SQL
            </summary>
            <param name="filter">过滤器</param>
            <returns>条件SQL</returns>
        </member>
        <member name="M:Hzdtf.Quartz.SqlServer.JobTaskPersistence.Find(System.String,System.String,System.String)">
            <summary>
            查找
            </summary>
            <param name="name">名称</param>
            <param name="group">分组</param>
            <param name="connectionId">连接ID</param>
            <returns>作业任务</returns>
        </member>
        <member name="M:Hzdtf.Quartz.SqlServer.JobTaskPersistence.Find(System.Int32,System.String)">
            <summary>
            查找
            </summary>
            <param name="id">ID</param>
            <param name="connectionId">连接ID</param>
            <returns>作业任务</returns>
        </member>
        <member name="M:Hzdtf.Quartz.SqlServer.JobTaskPersistence.Exists(System.String,System.String,System.String)">
            <summary>
            是否存在
            </summary>
            <param name="name">名称</param>
            <param name="group">分组</param>
            <param name="connectionId">连接ID</param>
            <returns>作业任务</returns>
        </member>
        <member name="M:Hzdtf.Quartz.SqlServer.JobTaskPersistence.Exists(System.Int32,System.String)">
            <summary>
            是否存在
            </summary>
            <param name="id">ID</param>
            <param name="connectionId">连接ID</param>
            <returns>作业任务</returns>
        </member>
        <member name="M:Hzdtf.Quartz.SqlServer.JobTaskPersistence.Set(Hzdtf.Quartz.Model.JobTaskInfo,System.String)">
            <summary>
            设置，如果存在则更新，否则插入
            </summary>
            <param name="jobTask">作业任务</param>
            <param name="connectionId">连接ID</param>
            <returns>影响行数</returns>
        </member>
        <member name="M:Hzdtf.Quartz.SqlServer.JobTaskPersistence.UpdateCron(System.String,System.String,System.String,System.String)">
            <summary>
            更新Cron表达式
            </summary>
            <param name="cron">cron表达式</param>
            <param name="name">名称</param>
            <param name="group">分组</param>
            <param name="connectionId">连接ID</param>
            <returns>影响行数</returns>
        </member>
        <member name="M:Hzdtf.Quartz.SqlServer.JobTaskPersistence.Delete(System.Int32,System.String)">
            <summary>
            删除
            </summary>
            <param name="id">ID</param>
            <param name="connectionId">连接ID</param>
            <returns>影响行数</returns>
        </member>
        <member name="M:Hzdtf.Quartz.SqlServer.JobTaskPersistence.Delete(System.String,System.String,System.String)">
            <summary>
            删除
            </summary>
            <param name="name">名称</param>
            <param name="group">分组</param>
            <param name="connectionId">连接ID</param>
            <returns>影响行数</returns>
        </member>
        <member name="M:Hzdtf.Quartz.SqlServer.JobTaskPersistence.DbToModelFullOtherProps(System.Collections.Generic.IList{Hzdtf.Quartz.Model.JobTaskInfo})">
            <summary>
            数据库到模型填充其他属性
            </summary>
            <param name="jobTasks">作业任务列表</param>
        </member>
        <member name="M:Hzdtf.Quartz.SqlServer.JobTaskPersistence.DbToModelFullOtherProps(Hzdtf.Quartz.Model.JobTaskInfo)">
            <summary>
            数据库到模型填充其他属性
            </summary>
            <param name="jobTask">作业任务</param>
        </member>
        <member name="M:Hzdtf.Quartz.SqlServer.JobTaskPersistence.ModelToDbFullOtherProps(System.Collections.Generic.IList{Hzdtf.Quartz.Model.JobTaskInfo})">
            <summary>
            模型到数据库填充其他属性
            </summary>
            <param name="jobTasks">作业任务列表</param>
        </member>
        <member name="M:Hzdtf.Quartz.SqlServer.JobTaskPersistence.ModelToDbFullOtherProps(Hzdtf.Quartz.Model.JobTaskInfo)">
            <summary>
            模型到数据库填充其他属性
            </summary>
            <param name="jobTask">作业任务</param>
        </member>
        <member name="M:Hzdtf.Quartz.SqlServer.JobTaskPersistence.GetNameAndGroupSql">
            <summary>
            获取名称和分组SQL
            </summary>
            <returns>名称和分组SQL</returns>
        </member>
    </members>
</doc>
