<?xml version="1.0"?>
<doc>
    <assembly>
        <name>Hzdtf.Quartz.Model</name>
    </assembly>
    <members>
        <member name="T:Hzdtf.Quartz.Model.JobExceptionInfo">
            <summary>
            作业异常信息
            @ 黄振东
            </summary>
        </member>
        <member name="P:Hzdtf.Quartz.Model.JobExceptionInfo.TransId">
            <summary>
            事务ID
            </summary>
        </member>
        <member name="P:Hzdtf.Quartz.Model.JobExceptionInfo.JobGroup">
            <summary>
            作业组
            </summary>
        </member>
        <member name="P:Hzdtf.Quartz.Model.JobExceptionInfo.JobName">
            <summary>
            作业名称
            </summary>
        </member>
        <member name="P:Hzdtf.Quartz.Model.JobExceptionInfo.ServiceName">
            <summary>
            服务名
            </summary>
        </member>
        <member name="P:Hzdtf.Quartz.Model.JobExceptionInfo.ExMsg">
            <summary>
            异常消息
            </summary>
        </member>
        <member name="P:Hzdtf.Quartz.Model.JobExceptionInfo.ExStackTrace">
            <summary>
            异常堆栈
            </summary>
        </member>
        <member name="P:Hzdtf.Quartz.Model.JobExceptionInfo.JobFullClass">
            <summary>
            作业全路径
            </summary>
        </member>
        <member name="P:Hzdtf.Quartz.Model.JobExceptionInfo.ServerIp">
            <summary>
            服务IP
            </summary>
        </member>
        <member name="P:Hzdtf.Quartz.Model.JobExceptionInfo.Time">
            <summary>
            时间
            </summary>
        </member>
        <member name="P:Hzdtf.Quartz.Model.JobExceptionInfo.Ex">
            <summary>
            异常
            </summary>
        </member>
        <member name="T:Hzdtf.Quartz.Model.JobTaskFilterInfo">
            <summary>
            作业任务过滤信息
            @ 黄振东
            </summary>
        </member>
        <member name="T:Hzdtf.Quartz.Model.JobTaskInfo">
            <summary>
            作业任务信息
            由作业明细和触发器组成
            @ 黄振东
            </summary>
        </member>
        <member name="P:Hzdtf.Quartz.Model.JobTaskInfo.JtName">
            <summary>
            名称
            </summary>
        </member>
        <member name="P:Hzdtf.Quartz.Model.JobTaskInfo.JtGroup">
            <summary>
            分组
            </summary>
        </member>
        <member name="P:Hzdtf.Quartz.Model.JobTaskInfo.JtDesc">
            <summary>
            描述
            </summary>
        </member>
        <member name="P:Hzdtf.Quartz.Model.JobTaskInfo.JobFullClass">
            <summary>
            作业全路径类
            </summary>
        </member>
        <member name="P:Hzdtf.Quartz.Model.JobTaskInfo.JobParams">
            <summary>
            作业参数字典
            </summary>
        </member>
        <member name="P:Hzdtf.Quartz.Model.JobTaskInfo.JobParamsJsonString">
            <summary>
            作业参数JSON字符串
            </summary>
        </member>
        <member name="P:Hzdtf.Quartz.Model.JobTaskInfo.TriggerCron">
            <summary>
            触发器表达式
            </summary>
        </member>
        <member name="P:Hzdtf.Quartz.Model.JobTaskInfo.TriggerParams">
            <summary>
            触发器参数字典
            </summary>
        </member>
        <member name="P:Hzdtf.Quartz.Model.JobTaskInfo.TriggerParamsJsonString">
            <summary>
            触发器参数JSON字符串
            </summary>
        </member>
        <member name="P:Hzdtf.Quartz.Model.JobTaskInfo.SuccessedRemove">
            <summary>
            执行成功后移除任务
            默认为否
            </summary>
        </member>
    </members>
</doc>
